id,proba
21-186G-1142,0.4270737087955954
21-186G-1225,0.0
21-186G-1227,0.07923774355498218
21-186G-1232,0.19522474804440015
21-186G-1258,0.008685889640379287
21-186G-1287,1.8635441852255114e-06
21-186G-1306,5.1937281799679176e-09
21-186G-1310,0.0
21-186G-1344,0.013685634390696595
21-186G-1358,0.0
